{
  "configVersion": 1,
  "timestamp": 1599591259743,
  "index": "/pl/index.html",
  "assetGroups": [
    {
      "name": "app",
      "installMode": "prefetch",
      "updateMode": "prefetch",
      "cacheQueryOptions": {
        "ignoreVary": true
      },
      "urls": [
        "/pl/favicon.ico",
        "/pl/index.html",
        "/pl/main-es2015.dd8bb9b6390a81d6f30b.js",
        "/pl/main-es5.dd8bb9b6390a81d6f30b.js",
        "/pl/manifest.webmanifest",
        "/pl/polyfills-es2015.cdc429b07113c4213cf4.js",
        "/pl/polyfills-es5.ef8d934d0fd73759de49.js",
        "/pl/runtime-es2015.3a6f2a70da056abed85a.js",
        "/pl/runtime-es5.3a6f2a70da056abed85a.js",
        "/pl/styles.ba24b8b9fc015ddce263.css"
      ],
      "patterns": []
    },
    {
      "name": "assets",
      "installMode": "lazy",
      "updateMode": "prefetch",
      "cacheQueryOptions": {
        "ignoreVary": true
      },
      "urls": [
        "/pl/assets/css/bootstrap.min.css",
        "/pl/assets/css/flex-slider.css",
        "/pl/assets/css/ldb-style.css",
        "/pl/assets/css/line-awesome.css",
        "/pl/assets/css/owl-carousel.css",
        "/pl/assets/fonts/Flaticon.woff",
        "/pl/assets/fonts/flexslider-icon.eot",
        "/pl/assets/fonts/flexslider-icon.svg",
        "/pl/assets/fonts/flexslider-icon.ttf",
        "/pl/assets/fonts/flexslider-icon.woff",
        "/pl/assets/fonts/la-brands-400.eot",
        "/pl/assets/fonts/la-brands-400.svg",
        "/pl/assets/fonts/la-brands-400.ttf",
        "/pl/assets/fonts/la-brands-400.woff",
        "/pl/assets/fonts/la-brands-400.woff2",
        "/pl/assets/fonts/la-regular-400.eot",
        "/pl/assets/fonts/la-regular-400.svg",
        "/pl/assets/fonts/la-regular-400.ttf",
        "/pl/assets/fonts/la-regular-400.woff",
        "/pl/assets/fonts/la-regular-400.woff2",
        "/pl/assets/fonts/la-solid-900.eot",
        "/pl/assets/fonts/la-solid-900.svg",
        "/pl/assets/fonts/la-solid-900.ttf",
        "/pl/assets/fonts/la-solid-900.woff",
        "/pl/assets/fonts/la-solid-900.woff2",
        "/pl/assets/fonts/slick.eot",
        "/pl/assets/fonts/slick.svg",
        "/pl/assets/fonts/slick.ttf",
        "/pl/assets/fonts/slick.woff",
        "/pl/assets/icons/icon-128x128.png",
        "/pl/assets/icons/icon-144x144.png",
        "/pl/assets/icons/icon-152x152.png",
        "/pl/assets/icons/icon-192x192.png",
        "/pl/assets/icons/icon-384x384.png",
        "/pl/assets/icons/icon-512x512.png",
        "/pl/assets/icons/icon-72x72.png",
        "/pl/assets/icons/icon-96x96.png",
        "/pl/assets/images/404.svg",
        "/pl/assets/images/UE_Logo_S.png",
        "/pl/assets/images/astronaut.svg",
        "/pl/assets/images/bg_purple.png",
        "/pl/assets/images/blinke.png",
        "/pl/assets/images/earth.svg",
        "/pl/assets/images/export-import.png",
        "/pl/assets/images/food.png",
        "/pl/assets/images/footer-bg.png",
        "/pl/assets/images/glovo.png",
        "/pl/assets/images/it-service.png",
        "/pl/assets/images/ldb-banner-bg.png",
        "/pl/assets/images/ldb-footer-bg.png",
        "/pl/assets/images/ldb-left-image.png",
        "/pl/assets/images/left-bg-decor.png",
        "/pl/assets/images/logistic.png",
        "/pl/assets/images/moon.svg",
        "/pl/assets/images/overlay_stars.svg",
        "/pl/assets/images/real-estate.png",
        "/pl/assets/images/right-bg-decor.png",
        "/pl/assets/images/rocket.svg",
        "/pl/assets/images/team/hr.jpg",
        "/pl/assets/images/team/manager.jpg",
        "/pl/assets/images/team/md.jpg",
        "/pl/assets/images/testimonial-author-1.png",
        "/pl/assets/images/ue.png",
        "/pl/assets/js/bootstrap.min.js",
        "/pl/assets/js/custom.js",
        "/pl/assets/js/imgfix.min.js",
        "/pl/assets/js/jquery-2.1.0.min.js",
        "/pl/assets/js/jquery.counterup.min.js",
        "/pl/assets/js/owl-carousel.js",
        "/pl/assets/js/popper.js",
        "/pl/assets/js/scrollreveal.min.js",
        "/pl/assets/js/waypoints.min.js",
        "/pl/bg_purple.2ecd4fd3750a3784c781.png",
        "/pl/la-brands-400.3a8109c4ac75662f8355.woff2",
        "/pl/la-brands-400.6ecea4826b87fafb97be.ttf",
        "/pl/la-brands-400.908ce19d18187969b32f.eot",
        "/pl/la-brands-400.925b340f49e65e8bab10.woff",
        "/pl/la-brands-400.928495fae14841a0d610.svg",
        "/pl/la-regular-400.77111476f05dd3443047.eot",
        "/pl/la-regular-400.86128b71644abd479cfb.svg",
        "/pl/la-regular-400.8dc1cedf1f4987f82b72.woff2",
        "/pl/la-regular-400.aa859c0d08b8193d6586.woff",
        "/pl/la-regular-400.cf246e21218cab398b3d.ttf",
        "/pl/la-solid-900.279f38601f1d1655255f.ttf",
        "/pl/la-solid-900.3efd5ba15a279377d224.woff2",
        "/pl/la-solid-900.4184d740eae2fb727bfe.eot",
        "/pl/la-solid-900.893634871a6cbff72157.woff",
        "/pl/la-solid-900.a813034654b4ff0a0bac.svg",
        "/pl/overlay_stars.3e7fd575d359a0f17a97.svg",
        "/pl/owl.video.play.7f01b07148f205f6e825.png"
      ],
      "patterns": []
    }
  ],
  "dataGroups": [],
  "hashTable": {
    "/pl/assets/css/bootstrap.min.css": "4a41cf1be6840d26f6e8686fca052aa6225ec951",
    "/pl/assets/css/flex-slider.css": "d45ff63b518367b24b5a25b89ec204823feae730",
    "/pl/assets/css/ldb-style.css": "8c706b97fb3066b72a2997b998bc359f54d8e188",
    "/pl/assets/css/line-awesome.css": "8d89b58f0d68ff58c06c002f2740f252ae88a7be",
    "/pl/assets/css/owl-carousel.css": "da612498c7dcf92a4fd776e3b9047b89d329f4e2",
    "/pl/assets/fonts/Flaticon.woff": "c4f58b20981d5e72f9eae7b59e138b1dbb5bb024",
    "/pl/assets/fonts/flexslider-icon.eot": "2084ea5faf754f07995a3d9ed7dea8d8a0f21146",
    "/pl/assets/fonts/flexslider-icon.svg": "40c9145494cec020ed6157b7b2cd90997e95f539",
    "/pl/assets/fonts/flexslider-icon.ttf": "eade7ac48b54ae16df6126726816199134964d3a",
    "/pl/assets/fonts/flexslider-icon.woff": "9876bce2a7b39125bd7a406c445e46e704d7b37e",
    "/pl/assets/fonts/la-brands-400.eot": "61e3ed8012597b290fb64922dd742218e3910c71",
    "/pl/assets/fonts/la-brands-400.svg": "267fd761d38caeb1b089a2b0e9d4a8ecfc46fe6a",
    "/pl/assets/fonts/la-brands-400.ttf": "10a04af3d80f9a83ef2412dedd6b76be7a0c0a66",
    "/pl/assets/fonts/la-brands-400.woff": "5f364cdf5fdd92380deffdb7982b573b119e0744",
    "/pl/assets/fonts/la-brands-400.woff2": "89f4f0d9ee3a2bde5fa250bbe6dc4a4804e1a863",
    "/pl/assets/fonts/la-regular-400.eot": "45b42952a4b5a57cac5acd255c26790cfa4b6185",
    "/pl/assets/fonts/la-regular-400.svg": "0f7b48ddc83338ca2b8925e6336ccdd8b33f82e6",
    "/pl/assets/fonts/la-regular-400.ttf": "63ef86b861a7d95d11f544dab477807d90f73e3a",
    "/pl/assets/fonts/la-regular-400.woff": "e2adc73388ec1f00321f6b0987aed001967abc39",
    "/pl/assets/fonts/la-regular-400.woff2": "bebed8d7033a4df35bebba69f1fc261a78a4ee22",
    "/pl/assets/fonts/la-solid-900.eot": "ce4d112e98802c4f44f72017e4c41227c707aa8b",
    "/pl/assets/fonts/la-solid-900.svg": "e8aff2133506e1e2ed5e37b0819dd35cf2e9044b",
    "/pl/assets/fonts/la-solid-900.ttf": "dcdd439c2373daebe42ee0a3978be75b280c8318",
    "/pl/assets/fonts/la-solid-900.woff": "ef62110ef84b45b9f583793f294128b06afca6d4",
    "/pl/assets/fonts/la-solid-900.woff2": "89d9531c0c70a8751dff83c1917baab1f16a2071",
    "/pl/assets/fonts/slick.eot": "2dff0768f4c0a53228761eab917e2c65556042d4",
    "/pl/assets/fonts/slick.svg": "17f63c6f6131389462ba3d814b7ddf83344705f9",
    "/pl/assets/fonts/slick.ttf": "3331eebdd4ba348ef25abe00c39ffbe867d46575",
    "/pl/assets/fonts/slick.woff": "af91c12f0f406a4f801aeb3b398768fe41d8f864",
    "/pl/assets/icons/icon-128x128.png": "9913e9f1b8bbe60d1c5f083502e372c9b4ceafe1",
    "/pl/assets/icons/icon-144x144.png": "78d907d86cf6f25530ebad14da9626203f88fe33",
    "/pl/assets/icons/icon-152x152.png": "e813de602a210bfb75dcf66e6709ffe95bbb50ee",
    "/pl/assets/icons/icon-192x192.png": "01c694cf9ff19f12c19fb99fc8290ebaad28b550",
    "/pl/assets/icons/icon-384x384.png": "6362713c9f93020ced866b3318322ce1c7c48bcc",
    "/pl/assets/icons/icon-512x512.png": "79b069fd3758ac1c8836e59cf484dab0c00b25a5",
    "/pl/assets/icons/icon-72x72.png": "26b5ea443f63f8d06221917bd6183ff6630b12ba",
    "/pl/assets/icons/icon-96x96.png": "0837781c7e1602b4c3b2852dfd060320e651f344",
    "/pl/assets/images/404.svg": "ebd624082520d672af071864ca110c87ae11fdf3",
    "/pl/assets/images/UE_Logo_S.png": "736b4ada0e69cc1912527b0ea39c9494d48ea765",
    "/pl/assets/images/astronaut.svg": "973dcdd853a54dd914c041069fab50a5b616ef38",
    "/pl/assets/images/bg_purple.png": "35e49f8385a6b5f85ef8ee7a1a9a13eeb50bbdec",
    "/pl/assets/images/blinke.png": "99e57985cd048f8f680da5025ef9ea8e30ee60f8",
    "/pl/assets/images/earth.svg": "5d8d09a5f81471dc8592ce4eaaf18b558d2fb5e6",
    "/pl/assets/images/export-import.png": "1304572d1e21f23e7b0233a7680d69256a770d49",
    "/pl/assets/images/food.png": "3bcfbc247a3a077366b1f4485a13ff3a3485e5a5",
    "/pl/assets/images/footer-bg.png": "cc55b2b6c4f1b088bfc0d2688476bb6997c1d483",
    "/pl/assets/images/glovo.png": "5025b998936d94fd8ec261695e312759d2aea6e7",
    "/pl/assets/images/it-service.png": "ca5a408b5c65c08e5951071f537e7b8a4b511378",
    "/pl/assets/images/ldb-banner-bg.png": "2ab8618b7b0851edf77274a6628d1c210f54688e",
    "/pl/assets/images/ldb-footer-bg.png": "591f65fba5597182a4782f2042cebda7a4a9b1b2",
    "/pl/assets/images/ldb-left-image.png": "45aca3868747067105eb8cab05ec656662cc2dbb",
    "/pl/assets/images/left-bg-decor.png": "e3596c42fd0582ecacb4f69db05c1209ba176bd0",
    "/pl/assets/images/logistic.png": "3ea223228bc8fd4b245149f6353998a493c559b3",
    "/pl/assets/images/moon.svg": "71539fa8260b9c12e420ffe7b751869505f76d07",
    "/pl/assets/images/overlay_stars.svg": "8f1dd3fa57e2943457a2777ddfda175ee5b94d69",
    "/pl/assets/images/real-estate.png": "5b22f073870cd87335406a39a2f8694114d64a6c",
    "/pl/assets/images/right-bg-decor.png": "bea2fc2f729fe9b373474ad018d3318e7d490e40",
    "/pl/assets/images/rocket.svg": "43909746b26683762294022660b28a8cb5d02871",
    "/pl/assets/images/team/hr.jpg": "ca7000e9d0960ae618443f295ebb99df16c240ed",
    "/pl/assets/images/team/manager.jpg": "84a4ae5bef8200f71d443720940f8997e448f4a2",
    "/pl/assets/images/team/md.jpg": "61559d1d29f4ab74c656623c1659def9e83a55c4",
    "/pl/assets/images/testimonial-author-1.png": "476488f4cd3e4c241e6dac26c683b57bc00fbdc9",
    "/pl/assets/images/ue.png": "8c5f69866c93c4eeef0980a2aa2acfec2f388a4a",
    "/pl/assets/js/bootstrap.min.js": "ba269f4a185eedee3665275b6ff34e9acd5572ae",
    "/pl/assets/js/custom.js": "83b8a33742b190d5099377e8ced783e4e337376c",
    "/pl/assets/js/imgfix.min.js": "f2ed0619082aac2d8238531f6988be7bc6c1cbde",
    "/pl/assets/js/jquery-2.1.0.min.js": "bee4d9cd41ae6bf4f72b1f48be0935d807ec26b0",
    "/pl/assets/js/jquery.counterup.min.js": "15c6242be4251b23c8aec6dd4620b95c37c53d22",
    "/pl/assets/js/owl-carousel.js": "2be9bd99a52c926049f988a87a38f668f5e2e9d2",
    "/pl/assets/js/popper.js": "9aaa936131356389fd6e449c2707b4c0f94b00da",
    "/pl/assets/js/scrollreveal.min.js": "fcad5e3be39a32e811aaabb3e122ceccfbb50cf9",
    "/pl/assets/js/waypoints.min.js": "5f3e0f34b6d7460c5f160db4fe568cde29f3ffa5",
    "/pl/bg_purple.2ecd4fd3750a3784c781.png": "35e49f8385a6b5f85ef8ee7a1a9a13eeb50bbdec",
    "/pl/favicon.ico": "616b2fa96d5fe725f8eec8e307220da1ead6e966",
    "/pl/index.html": "c899934bed89fc44471801c125ed51a5f2f7d162",
    "/pl/la-brands-400.3a8109c4ac75662f8355.woff2": "89f4f0d9ee3a2bde5fa250bbe6dc4a4804e1a863",
    "/pl/la-brands-400.6ecea4826b87fafb97be.ttf": "10a04af3d80f9a83ef2412dedd6b76be7a0c0a66",
    "/pl/la-brands-400.908ce19d18187969b32f.eot": "61e3ed8012597b290fb64922dd742218e3910c71",
    "/pl/la-brands-400.925b340f49e65e8bab10.woff": "5f364cdf5fdd92380deffdb7982b573b119e0744",
    "/pl/la-brands-400.928495fae14841a0d610.svg": "267fd761d38caeb1b089a2b0e9d4a8ecfc46fe6a",
    "/pl/la-regular-400.77111476f05dd3443047.eot": "45b42952a4b5a57cac5acd255c26790cfa4b6185",
    "/pl/la-regular-400.86128b71644abd479cfb.svg": "0f7b48ddc83338ca2b8925e6336ccdd8b33f82e6",
    "/pl/la-regular-400.8dc1cedf1f4987f82b72.woff2": "bebed8d7033a4df35bebba69f1fc261a78a4ee22",
    "/pl/la-regular-400.aa859c0d08b8193d6586.woff": "e2adc73388ec1f00321f6b0987aed001967abc39",
    "/pl/la-regular-400.cf246e21218cab398b3d.ttf": "63ef86b861a7d95d11f544dab477807d90f73e3a",
    "/pl/la-solid-900.279f38601f1d1655255f.ttf": "dcdd439c2373daebe42ee0a3978be75b280c8318",
    "/pl/la-solid-900.3efd5ba15a279377d224.woff2": "89d9531c0c70a8751dff83c1917baab1f16a2071",
    "/pl/la-solid-900.4184d740eae2fb727bfe.eot": "ce4d112e98802c4f44f72017e4c41227c707aa8b",
    "/pl/la-solid-900.893634871a6cbff72157.woff": "ef62110ef84b45b9f583793f294128b06afca6d4",
    "/pl/la-solid-900.a813034654b4ff0a0bac.svg": "e8aff2133506e1e2ed5e37b0819dd35cf2e9044b",
    "/pl/main-es2015.dd8bb9b6390a81d6f30b.js": "b600d7d75161a5ee85ec63283ab7bbadeb1cc966",
    "/pl/main-es5.dd8bb9b6390a81d6f30b.js": "8a03d53e920b0e0434bad5cfe73764d02c426fbc",
    "/pl/manifest.webmanifest": "95cd1b5663e0f8788f1204fff7b2181c4f7c1c05",
    "/pl/overlay_stars.3e7fd575d359a0f17a97.svg": "8f1dd3fa57e2943457a2777ddfda175ee5b94d69",
    "/pl/owl.video.play.7f01b07148f205f6e825.png": "c0d64356ec2758cb280d183b4829c923e5ff61e5",
    "/pl/polyfills-es2015.cdc429b07113c4213cf4.js": "1d4c452772d20c15550d92662a10a606f7281d06",
    "/pl/polyfills-es5.ef8d934d0fd73759de49.js": "204797e4eb953f91511a5092bf6632a4256f2b8d",
    "/pl/runtime-es2015.3a6f2a70da056abed85a.js": "a9aafcf49f49145093fc831efd9b8e2f6c71bb9c",
    "/pl/runtime-es5.3a6f2a70da056abed85a.js": "a9aafcf49f49145093fc831efd9b8e2f6c71bb9c",
    "/pl/styles.ba24b8b9fc015ddce263.css": "8a35e4a33e05a4ac5d8c1af6889c1cdd17101fde"
  },
  "navigationUrls": [
    {
      "positive": true,
      "regex": "^\\/.*$"
    },
    {
      "positive": false,
      "regex": "^\\/(?:.+\\/)?[^/]*\\.[^/]*$"
    },
    {
      "positive": false,
      "regex": "^\\/(?:.+\\/)?[^/]*__[^/]*$"
    },
    {
      "positive": false,
      "regex": "^\\/(?:.+\\/)?[^/]*__[^/]*\\/.*$"
    }
  ]
}